no,teks,kategori
1,Lionel Messi mencetak gol indah pada menit terakhir pertandingan,olahraga
2,Serena Williams memenangkan pertandingan tenis dengan straight set,olahraga
3,Timnas Indonesia meraih kemenangan di ajang SEA Games,olahraga
4,Pembalap MotoGP tersebut mengalami kecelakaan hebat saat balapan,olahraga
5,Cristiano Ronaldo mencetak hat-trick dalam pertandingan Liga Champions,olahraga
6,Michael Jordan dikenal sebagai salah satu pemain basket terbaik sepanjang masa,olahraga
7,Tim voli putri Indonesia berhasil merebut medali emas,olahraga
8,Usain Bolt memecahkan rekor dunia di nomor lari 100 meter,olahraga
9,Kejuaraan dunia bulu tangkis berlangsung seru tahun ini,olahraga
10,Tim sepak bola favorit saya kalah dalam pertandingan semalam,olahraga
11,Pebalap F1 dari tim Mercedes memenangkan Grand Prix Monaco,olahraga
12,Rafael Nadal menunjukkan dominasinya di lapangan tanah liat,olahraga
13,Pertandingan final Piala Dunia selalu dinantikan para penggemar sepak bola,olahraga
14,Atlet angkat besi Indonesia berhasil memecahkan rekor nasional,olahraga
15,Tim hoki es Kanada memenangkan medali emas di Olimpiade Musim Dingin,olahraga
16,Marathon di Boston diikuti oleh ribuan pelari dari berbagai negara,olahraga
17,Tim basket Golden State Warriors tampil gemilang di musim ini,olahraga
18,Tiger Woods kembali menunjukkan performa terbaiknya di turnamen golf,olahraga
19,Turnamen tenis Wimbledon selalu menjadi sorotan di musim panas,olahraga
20,Kiper tim lawan tampil luar biasa dengan beberapa penyelamatan gemilang,olahraga
21,Kejuaraan dunia renang diadakan di kota besar tahun ini,olahraga
22,Pelatih baru membawa angin segar bagi tim sepak bola lokal,olahraga
23,Laga UFC malam ini penuh dengan aksi spektakuler,olahraga
24,Atlet panahan Indonesia meraih medali perak di ajang internasional,olahraga
25,Kompetisi eSports semakin populer di kalangan anak muda,olahraga
26,Klub sepak bola tersebut berhasil lolos ke babak final,olahraga
27,Pertandingan tinju dunia malam ini sangat ditunggu-tunggu,olahraga
28,Tim rugby New Zealand memenangkan pertandingan dengan skor telak,olahraga
29,Atlet senam artistik mempersembahkan penampilan yang memukau,olahraga
30,Tim basket sekolah kita memenangkan turnamen antar sekolah,olahraga
31,Chelsea FC baru saja mendatangkan pemain bintang baru,olahraga
32,Tim futsal Indonesia tampil impresif di kejuaraan Asia,olahraga
33,Final Liga Champions tahun ini akan digelar di Istanbul,olahraga
34,Atletik merupakan salah satu cabang olahraga tertua di dunia,olahraga
35,Pertandingan bola voli pantai sangat menarik untuk ditonton,olahraga
36,Tim kriket India tampil dominan di pertandingan internasional,olahraga
37,Paris Saint-Germain membeli pemain dengan harga fantastis,olahraga
38,Lomba balap sepeda Tour de France berlangsung sangat menegangkan,olahraga
39,Atlet paralimpiade menunjukkan semangat luar biasa di setiap pertandingan,olahraga
40,Kejuaraan dunia gulat diikuti oleh negara-negara dari berbagai benua,olahraga
41,Petinju Indonesia berhasil mempertahankan gelar juara dunia,olahraga
42,Tim sepak bola wanita semakin menunjukkan kualitasnya di kancah internasional,olahraga
43,Kejuaraan dunia catur diselenggarakan setiap dua tahun sekali,olahraga
44,Laga final NBA tahun ini sangat seru dan dramatis,olahraga
45,Atlet ski es asal Norwegia memenangkan medali emas di Olimpiade,olahraga
46,Pertandingan badminton antara dua pemain top dunia sangat ditunggu-tunggu,olahraga
47,Tim sepak bola lokal berhasil promosi ke liga utama,olahraga
48,Kompetisi triathlon menguji ketahanan fisik dan mental para atlet,olahraga
49,Pertandingan polo air berlangsung sangat sengit dan kompetitif,olahraga
50,Tim bisbol Jepang menjadi juara di turnamen internasional,olahraga
51,Atlet lompat jauh mencetak rekor baru di kejuaraan nasional,olahraga
52,Tim sepak takraw Indonesia meraih prestasi gemilang di kejuaraan Asia,olahraga
53,Pertandingan sepak bola antar klub Eropa sangat menarik perhatian,olahraga
54,Atlet bersepeda Indonesia berhasil menjuarai lomba di Malaysia,olahraga
55,Tim renang estafet meraih medali emas dengan catatan waktu terbaik,olahraga
56,Pertandingan sofbol di Olimpiade sangat menarik untuk ditonton,olahraga
57,Atlet lompat tinggi menunjukkan teknik yang luar biasa di setiap lompatan,olahraga
58,Kompetisi hoki lapangan berlangsung dengan sangat kompetitif,olahraga
59,Tim judo Indonesia berhasil menyumbangkan medali emas,olahraga
60,Laga sepak bola derbi selalu dipenuhi oleh tensi tinggi,olahraga
61,Pertandingan snooker antara dua pemain top dunia sangat menegangkan,olahraga
62,Tim gulat Indonesia meraih prestasi di kejuaraan dunia,olahraga
63,Turnamen sepak bola antar pelajar diadakan setiap tahun,olahraga
64,Atlet biathlon menunjukkan keterampilan luar biasa dalam menembak dan ski,olahraga
65,Kejuaraan dunia tenis meja diselenggarakan di Tiongkok,olahraga
66,Pertandingan sepak bola malam ini dipenuhi oleh ribuan penonton,olahraga
67,Tim voli pantai Indonesia tampil impresif di ajang internasional,olahraga
68,Laga tinju malam ini akan mempertemukan dua petinju kelas dunia,olahraga
69,Kompetisi selancar di Bali menarik banyak peselancar dari berbagai negara,olahraga
70,Tim senam ritmik menunjukkan koreografi yang sangat indah,olahraga
71,Kejuaraan dunia karate diikuti oleh banyak negara,olahraga
72,Pertandingan sepak bola antar negara selalu menarik perhatian,olahraga
73,Tim renang sinkronisasi tampil sangat kompak di kejuaraan nasional,olahraga
74,Atlet menembak Indonesia berhasil meraih medali perunggu,olahraga
75,Pertandingan final bulu tangkis sangat dinantikan oleh para penggemar,olahraga
76,Tim bola basket putri Indonesia tampil impresif di SEA Games,olahraga
77,Laga sepak bola persahabatan diadakan untuk mempererat hubungan antar negara,olahraga
78,Pertandingan tenis meja berlangsung sangat cepat dan intens,olahraga
79,Tim ski asal Amerika Serikat memenangkan medali emas di Olimpiade,olahraga
80,Atlet jiu-jitsu Indonesia meraih medali emas di kejuaraan dunia,olahraga
81,Kejuaraan dunia panjat tebing diikuti oleh atlet dari berbagai negara,olahraga
82,Pertandingan gulat bebas berlangsung dengan sangat sengit,olahraga
83,Tim hoki lapangan Indonesia meraih medali perak di ajang Asia,olahraga
84,Atlet lompat galah mencetak rekor baru di kejuaraan nasional,olahraga
85,Pertandingan sepak bola selalu menjadi hiburan yang menyenangkan,olahraga
86,Tim sepak bola Inggris tampil gemilang di ajang Piala Eropa,olahraga
87,Atlet selam Indonesia meraih prestasi di ajang internasional,olahraga
88,Pertandingan golf di Augusta National selalu menarik perhatian,olahraga
89,Tim sepak bola Brasil dikenal dengan gaya permainan yang indah,olahraga
90,Atlet skateboard muda meraih medali emas di kejuaraan dunia,olahraga
91,Kejuaraan dunia anggar diikuti oleh atlet-atlet top dunia,olahraga
92,Pertandingan sepak bola antar klub selalu dinanti oleh para penggemar,olahraga
93,Tim renang estafet putri Indonesia mencetak rekor baru di SEA Games,olahraga
94,Atlet karate Indonesia meraih medali emas di kejuaraan Asia,olahraga
95,Pertandingan rugby berlangsung dengan sangat intens dan kompetitif,olahraga
96,Tim sepak bola Indonesia berhasil lolos ke babak kualifikasi Piala Dunia,olahraga
97,Atlet sepatu roda meraih medali emas di kejuaraan dunia,olahraga
98,Pertandingan bola basket selalu penuh dengan aksi dan ketegangan,olahraga
99,Tim sepak bola lokal berjuang keras di pertandingan liga,olahraga
100,Atlet bulu tangkis Indonesia meraih gelar juara dunia di nomor tunggal putra,olahraga
101,Konser rock malam ini diprediksi akan sangat ramai,musik
102,Taylor Swift merilis album baru yang langsung menduduki puncak tangga lagu,musik
103,Pianis klasik tersebut memberikan penampilan solo yang memukau,musik
104,Band indie lokal mendapat pengakuan di festival musik tahun ini,musik
105,Konser musik jazz diadakan di taman kota pada akhir pekan,musik
106,Penyanyi rap muda tersebut merilis mixtape yang sangat dinanti-nanti,musik
107,Konser musik klasik di gedung opera selalu menarik banyak penonton,musik
108,Grup musik metal tersebut mengumumkan tur konser dunia,musik
109,Album debut dari penyanyi solo tersebut mendapat banyak pujian dari kritikus,musik
110,Konser akustik di kafe malam ini akan menjadi tempat yang cozy,musik
111,Penyanyi pop terkenal tersebut merilis singel baru yang langsung viral,musik
112,Band rock alternatif mengadakan sesi rekaman di studio baru mereka,musik
113,Festival musik elektronik di pantai sangat dinantikan oleh para pecinta EDM,musik
114,Konser amal untuk anak-anak kurang mampu akan diadakan besok,musik
115,Penulis lagu tersebut mendapatkan penghargaan untuk karyanya yang luar biasa,musik
116,DJ terkenal akan menghibur pengunjung di klub malam nanti,musik
117,Orkestra simfoni akan tampil di teater kota dalam waktu dekat,musik
118,Band punk lokal sedang mencari tempat untuk menggelar konser,musik
119,Penyanyi country tersebut berhasil memenangkan penghargaan untuk albumnya,musik
120,Konser outdoor di stadion akan menampilkan beberapa artis terkenal,musik
121,Penyanyi indie yang sedang naik daun akan tampil di acara radio,musik
122,Pianis jazz tersebut sedang dalam proses rekaman album barunya,musik
123,Grup musik reggae mengadakan pertunjukan gratis di taman kota,musik
124,Band heavy metal tersebut sedang dalam proses menyelesaikan album studio keempat mereka,musik
125,Konser reunian untuk band legendaris akan diadakan tahun depan,musik
126,Artis solo tersebut akan mengadakan tur dunia untuk mempromosikan albumnya,musik
127,Penyanyi folk yang berbakat akan tampil di kafe malam ini,musik
128,DJ tersebut merilis remix terbaru dari lagu terkenal,musik
129,Band indie rock lokal akan tampil di acara amal untuk lingkungan,musik
130,Grup musik blues akan membawakan pertunjukan di bar lokal,musik
131,Pencipta lagu tersebut sedang mencari penyanyi untuk merekam demo barunya,musik
132,Acara open mic di klub musik setempat sangat populer di kalangan musisi baru,musik
133,Penyanyi soul tersebut akan tampil di pesta ulang tahun kota,musik
134,Band pop punk sedang dalam proses menyiapkan tur musim panas mereka,musik
135,Penulis lagu tersebut mengungkapkan inspirasinya di balik lagu terbarunya,musik
136,Konser tribute untuk musisi legendaris akan diadakan bulan depan,musik
137,Grup musik ska akan membuka konser untuk band terkenal,musik
138,Penyanyi R&B tersebut merilis album studio ketiga mereka,musik
139,Band metalcore tersebut merilis video musik untuk lagu baru mereka,musik
140,Musisi jalanan akan menghibur pengunjung di pasar seni akhir pekan ini,musik
141,Konser rap underground akan diadakan di tempat rahasia,musik
142,Band post-rock sedang dalam proses menulis materi baru untuk album mereka,musik
143,Penyanyi folk-rock tersebut akan melakukan tur kecil di kota-kota kecil,musik
144,Grup musik country-pop merilis singel kolaborasi dengan artis lain,musik
145,Band folk punk akan mengadakan pertunjukan di galeri seni lokal,musik
146,DJ tersebut akan tampil di festival musik elektronik terbesar di negara itu,musik
147,Penulis lagu tersebut akan membagikan kisah di balik lagu-lagu mereka di acara talk show,musik
148,Konser akustik di taman kota akan menjadi tempat yang sempurna untuk piknik,musik
149,Band post-hardcore akan mengadakan tur di wilayah barat negara itu,musik
150,Penyanyi pop tersebut akan menyanyikan lagu-lagu hits mereka di acara televisi malam ini,musik
151,Grup musik folk-rock akan tampil di acara amal untuk hewan peliharaan,musik
152,Band metal progresif sedang dalam proses merekam album konsep baru mereka,musik
153,Penyanyi indie pop tersebut akan tampil di festival musik indie tahun ini,musik
154,Konser akustik di kafe kota akan menjadi tempat yang intim untuk menikmati musik,musik
155,Pianis jazz tersebut akan mengadakan konser solo di teater malam ini,musik
156,Band rock alternatif akan mengadakan sesi meet and greet dengan penggemar mereka,musik
157,Penyanyi pop country tersebut akan tampil di acara televisi pagi ini,musik
158,DJ tersebut akan memutar musik di klub malam yang terkenal di kota,musik
159,Grup musik hip-hop lokal akan membuka pertunjukan untuk artis terkenal,musik
160,Penulis lagu tersebut akan mengadakan workshop untuk musisi yang sedang berkembang,musik
161,Konser rock indie akan diadakan di ruang bawah tanah tempat musik alternatif,musik
162,Band post-punk sedang dalam proses merekam album live mereka,musik
163,Penyanyi pop tersebut akan berkolaborasi dengan penyanyi rap untuk singel baru mereka,musik
164,Grup musik folk yang berakar akan membawakan pertunjukan di kafe lokal,musik
165,Penyanyi jazz tersebut akan tampil di klub malam mewah di kota itu,musik
166,Konser rock metal akan diadakan di gedung konser terbesar di negara itu,musik
167,Michael Jackson adalah legenda pop yang tak tergantikan,musik
168,Konser musik klasik diisi dengan keindahan melodi dan harmoni,musik
169,Taylor Swift meraih penghargaan Grammy untuk album terbaik,musik
170,Beyoncé memiliki suara yang luar biasa dan penampilan panggung yang memukau,musik
171,Musisi jazz seperti Miles Davis memperkenalkan improvisasi yang brilian,musik
172,Adele meraih kesuksesan besar dengan lagu-lagu balad emosionalnya,musik
173,Mozart diakui sebagai salah satu komponis klasik terbesar sepanjang masa,musik
174,Elton John dikenal dengan lagu-lagu hitsnya yang tak terlupakan,musik
175,Konser country menghadirkan atmosfer kehangatan dan kesederhanaan,musik
176,Pianis klasik seperti Chopin menghadirkan keindahan dalam setiap catatan,musik
177,Lagu-lagu The Beatles tetap menjadi favorit dari generasi ke generasi,musik
178,Rihanna membawa sentuhan unik dalam dunia musik R&B,musik
179,usik klasik menghadirkan keheningan yang menenangkan,musik
180,Queen adalah band rock legendaris yang tidak akan terlupakan,musik
181,Konser musik Latin menggoyangkan panggung dengan irama yang menggoda,musik
182,Coldplay membawa penggemar dalam perjalanan emosional dengan lagu-lagu mereka,musik
183,Orkestra simfoni menyajikan pertunjukan megah dengan keterampilan musisi yang luar biasa,musik
184,Konser metal membawa kekuatan dan keganasan yang mendalam,musik
185,Ariana Grande memiliki vokal yang luar biasa dan penampilan panggung yang enerjik,musik
186,Lagu-lagu Bob Marley menyuarakan pesan cinta dan perdamaian,musik
187,David Bowie adalah ikon eksentrik yang mengubah wajah musik rock,musik
188,Konser musik soul menghadirkan emosi yang mendalam dan berjiwa,musik
189,John Lennon dikenal dengan lirik-liriknya yang penuh makna dan introspeksi,musik
190,Konser EDM (Electronic Dance Music) memicu gelombang euforia di antara penontonnya,musik
191,Justin Bieber menjadi sensasi pop sejak usia muda dengan bakatnya yang mengagumkan,musik
192,Bruno Mars menghibur penonton dengan kombinasi suara soul dan funk yang menggoda,musik
193,Konser rap menampilkan lirik-lirik yang tajam dan ritme yang kuat,musik
194,Konser rock progresif menghadirkan perjalanan musik yang kompleks dan mendalam,musik
195,Konser hip-hop menyuarakan pengalaman kehidupan kota dengan kejujuran yang tajam,musik
196,Pianis klasik tersebut memberikan penampilan solo yang menakjubkan,musik
197,Konser akustik di kafe kecil sangat diminati oleh penggemar musik,musik
198,Grup musik reggae menghibur penonton dengan irama yang santai,musik
199,DJ elektronik mencampurkan berbagai genre musik dalam setnya,musik
200,Penyanyi pop muda tersebut mendapat pengakuan atas talentanya,musik
201,Komputer saya mengalami masalah dan perlu di-restar,komputer
202,Prosesor Intel generasi terbaru memiliki performa yang lebih cepat,komputer
203,Hard disk eksternal sangat berguna untuk menyimpan data tambahan,komputer
204,Sistem operasi Windows 10 mendapat pembaruan besar bulan ini,komputer
205,Laptop gaming memiliki spesifikasi tinggi untuk bermain game berat,komputer
206,RAM 16GB cukup untuk menjalankan aplikasi berat dengan lancar,komputer
207,Keyboard mekanik memberikan pengalaman mengetik yang lebih baik,komputer
208,Solid State Drive (SSD) membuat booting komputer lebih cepat,komputer
209,Kartu grafis NVIDIA terbaru mendukung teknologi ray tracing,komputer
210,Antivirus yang andal penting untuk melindungi komputer dari malware,komputer
211,Komputer desktop biasanya lebih mudah untuk di-upgrade dibandingkan laptop,komputer
212,Teknologi cloud memungkinkan penyimpanan data secara online,komputer
213,Monitor 4K memberikan kualitas gambar yang sangat tajam,komputer
214,Pembaruan firmware dapat meningkatkan kinerja perangkat keras komputer,komputer
215,Koneksi Wi-Fi 6 menawarkan kecepatan internet yang lebih tinggi,komputer
216,Aplikasi office suite seperti Microsoft Office sangat berguna untuk pekerjaan sehari-hari,komputer
217,Komputer saya baru saja di-upgrade dengan SSD 1TB,komputer
218,Software CAD sering digunakan oleh para insinyur dan desainer,komputer
219,Keamanan siber semakin penting di era digital ini,komputer
220,Jaringan LAN memungkinkan komputer di kantor terhubung satu sama lain,komputer
221,Penggunaan VPN dapat meningkatkan keamanan saat browsing internet,komputer
222,Penggunaan multi-monitor dapat meningkatkan produktivitas kerja,komputer
223,Printer 3D memungkinkan pembuatan objek fisik dari model digital,komputer
224,Pembaruan driver penting untuk menjaga kinerja perangkat keras,komputer
225,Penggunaan software open source semakin populer di kalangan pengembang,komputer
226,Backup data secara rutin penting untuk mencegah kehilangan data,komputer
227,Komputer saya membutuhkan upgrade RAM untuk menjalankan software terbaru,komputer
228,Perangkat lunak grafis seperti Adobe Photoshop sangat populer di kalangan desainer,komputer
229,Komputer gaming high-end dilengkapi dengan pendingin cair,komputer
230,Mouse nirkabel memberikan kebebasan bergerak yang lebih besar,komputer
231,Teknologi Bluetooth memungkinkan koneksi nirkabel antar perangkat,komputer
232,Penggunaan AI dalam komputer semakin luas dan beragam,komputer
233,Sistem operasi Linux sering digunakan oleh para profesional IT,komputer
234,Headset gaming memberikan pengalaman audio yang lebih imersif,komputer
235,Teknologi layar sentuh membuat navigasi lebih mudah,komputer
236,Software pemutar media seperti VLC sangat berguna untuk memutar berbagai format video,komputer
237,Kecepatan internet sangat mempengaruhi pengalaman browsing,komputer
238,Teknologi NFC memungkinkan pembayaran tanpa kontak,komputer
239,Aplikasi edit video seperti Adobe Premiere Pro digunakan oleh profesional,komputer
240,Proses overclocking meningkatkan performa CPU dan GPU,komputer
241,Komputer workstation memiliki spesifikasi tinggi untuk pekerjaan profesional,komputer
242,Penggunaan SSD M.2 NVMe semakin umum di laptop modern,komputer
243,Keamanan data dapat ditingkatkan dengan enkripsi,komputer
244,Laptop ultrabook menawarkan keseimbangan antara performa dan portabilitas,komputer
245,Teknologi VR semakin berkembang dengan cepat,komputer
246,Aplikasi cloud storage seperti Google Drive memudahkan penyimpanan data online,komputer
247,Komputer saya memiliki sistem pendingin yang efisien,komputer
248,Penggunaan dual boot memungkinkan instalasi dua sistem operasi pada satu komputer,komputer
249,Software antivirus gratis seringkali cukup untuk kebutuhan dasar,komputer
250,Teknologi USB-C semakin umum digunakan untuk koneksi data dan daya,komputer
251,Komputer saya mengalami penurunan performa dan perlu dibersihkan,komputer
252,Sistem operasi macOS digunakan oleh banyak profesional kreatif,komputer
253,Penggunaan RAID dapat meningkatkan kecepatan dan keamanan data,komputer
254,Laptop saya dilengkapi dengan layar OLED yang sangat jernih,komputer
255,Penggunaan remote desktop memudahkan akses komputer dari jarak jauh,komputer
256,Teknologi AI digunakan untuk meningkatkan pengalaman pengguna,komputer
257,Komputer saya membutuhkan upgrade kartu grafis untuk bermain game terbaru,komputer
258,Aplikasi manajemen password membantu menjaga keamanan akun online,komputer
259,Software CAD 3D digunakan untuk membuat desain teknis yang kompleks,komputer
260,Komputer saya sering digunakan untuk editing video dan rendering,komputer
261,Teknologi blockchain memiliki potensi besar dalam keamanan data,komputer
262,Penggunaan perangkat IoT semakin umum dalam kehidupan sehari-hari,komputer
263,Komputer saya terhubung ke jaringan internet melalui kabel Ethernet,komputer
264,Aplikasi cloud computing memudahkan kolaborasi tim,komputer
265,Komputer saya dilengkapi dengan port Thunderbolt 3 untuk transfer data cepat,komputer
266,Penggunaan machine learning semakin meluas di berbagai bidang,komputer
267,Laptop convertible dapat digunakan dalam mode tablet atau laptop,komputer
268,Penggunaan software virtualisasi memungkinkan menjalankan beberapa OS dalam satu komputer,komputer
269,Komputer saya memiliki baterai yang tahan lama,komputer
270,Penggunaan software remote access membantu dalam support teknis,komputer
271,Teknologi augmented reality digunakan dalam berbagai aplikasi,komputer
272,Komputer saya terhubung ke sistem home theater,komputer
273,Penggunaan software accounting memudahkan pengelolaan keuangan,komputer
274,Komputer saya sering digunakan untuk streaming video online,komputer
275,Teknologi cloud gaming memungkinkan bermain game tanpa perangkat keras canggih,komputer
276,Penggunaan software OCR membantu mengubah gambar menjadi teks,komputer
277,Komputer saya terhubung ke printer nirkabel,komputer
278,Penggunaan software project management memudahkan pengelolaan tugas,komputer
279,Teknologi 5G menawarkan kecepatan internet yang sangat cepat,komputer
280,Komputer saya memiliki sistem pendingin cair untuk menjaga suhu tetap stabil,komputer
281,Penggunaan software CRM membantu mengelola hubungan pelanggan,komputer
282,Komputer saya sering digunakan untuk analisis data,komputer
283,Teknologi biometric seperti fingerprint dan facial recognition digunakan untuk keamanan,komputer
284,Penggunaan software graphic design membantu dalam pembuatan konten visual,komputer
285,Komputer saya terhubung ke smart home system,komputer
286,Penggunaan software collaboration memudahkan kerja tim secara online,komputer
287,Komputer saya dilengkapi dengan speaker berkualitas tinggi,komputer
288,Teknologi eGPU memungkinkan penggunaan kartu grafis eksternal,komputer
289,Penggunaan software antivirus berbayar menawarkan fitur keamanan tambahan,komputer
290,Komputer saya sering digunakan untuk coding dan pengembangan software,komputer
291,Teknologi voice recognition digunakan dalam asisten virtual,komputer
292,Komputer saya terhubung ke monitor ultrawide untuk multitasking,komputer
293,Penggunaan software cloud backup melindungi data dari kehilangan,komputer
294,Komputer saya sering digunakan untuk bermain game online,komputer
295,Teknologi edge computing memungkinkan pemrosesan data di dekat sumbernya,komputer
296,Penggunaan software database memudahkan pengelolaan data,komputer
297,Komputer saya dilengkapi dengan webcam berkualitas tinggi untuk video call,komputer
298,Penggunaan software encryption menjaga keamanan data,komputer
299,Komputer saya sering digunakan untuk desain grafis dan ilustrasi,komputer
300,Teknologi quantum computing menawarkan potensi besar di masa depan,komputer
